website,city,about,mobile_phone,account_type,referrer,landline_phone,email,state,csrfmiddlewaretoken,company_name,address_2,address_1,contact_name,zip_code,login_name,tin
,Ithaca,,,Individual,,,shane@patientdev.com,NY,ctZdI6x7QOzbGs6EqblMdP5FbCVavbfZ,Patient Dev,,,Shane Cavanaugh,14850,patientdev,12345
,Ithaca,,,Individual,,,shane@patientdev.com,NY,ctZdI6x7QOzbGs6EqblMdP5FbCVavbfZ,Patient Dev,,,Shane Cavanaugh,14850,shanecav,12345
,Ithaca,,,Individual,,,shane@patientdev.com,NY,ctZdI6x7QOzbGs6EqblMdP5FbCVavbfZ,Patient Dev,,,Shane Cavanaugh,14850,shanecav,12345
,Ithaca,,,Individual,,,shane@patientdev.com,NY,ctZdI6x7QOzbGs6EqblMdP5FbCVavbfZ,Patient Dev,,,Shane Cavanaugh,14850,patientdev,12345
,Ithaca,,,Individual,,,shane@patientdev.com,NY,ctZdI6x7QOzbGs6EqblMdP5FbCVavbfZ,Patient Dev,,,Shane Cavanaugh,14850,patientdev,12345
,Ithaca,,,Individual,,,shane@patientdev.com,NY,ctZdI6x7QOzbGs6EqblMdP5FbCVavbfZ,Patient Dev,,,Shane Cavanaugh,14850,patientdev,12345
,Ithaca,,,Individual,,,shane@patientdev.com,NY,ctZdI6x7QOzbGs6EqblMdP5FbCVavbfZ,Patient Dev,,,Shane Cavanaugh,14850,patientdev,12345
,Ithaca,,,Individual,,,shane@patientdev.com,NY,ctZdI6x7QOzbGs6EqblMdP5FbCVavbfZ,Patient Dev,,,Shane Cavanaugh,14850,patientdev,12345
,Ithaca,,,Individual,,,shane@patientdev.com,NY,ctZdI6x7QOzbGs6EqblMdP5FbCVavbfZ,Patient Dev,,,Shane Cavanaugh,14850,patientdev,12345
,Ithaca,,,Individual,,,shane@patientdev.com,NY,ctZdI6x7QOzbGs6EqblMdP5FbCVavbfZ,Patient Dev,,,Shane Cavanaugh,14850,patientdev,12345
,Ithaca,,,Individual,,,shane@patientdev.com,NY,ctZdI6x7QOzbGs6EqblMdP5FbCVavbfZ,Patient Dev,,,Shane Cavanaugh,14850,patientdev,12345
,Ithaca,,,Individual,,,shane@patientdev.com,NY,ctZdI6x7QOzbGs6EqblMdP5FbCVavbfZ,Patient Dev,,,Shane Cavanaugh,14850,patientdev,12345
,Ithaca,,,Individual,,,shane@patientdev.com,NY,ctZdI6x7QOzbGs6EqblMdP5FbCVavbfZ,Patient Dev,,,Shane Cavanaugh,14850,patientdev,12345
,Ithaca,,,Individual,,,shane@patientdev.com,NY,ctZdI6x7QOzbGs6EqblMdP5FbCVavbfZ,Patient Dev,,,Shane Cavanaugh,14850,patientdev,12345
,Ithaca,,,Individual,,,shane@patientdev.com,NY,ctZdI6x7QOzbGs6EqblMdP5FbCVavbfZ,Patient Dev,,,Shane Cavanaugh,14850,patientdev,12345
,Ithaca,,,Individual,,,shane@patientdev.com,NY,ctZdI6x7QOzbGs6EqblMdP5FbCVavbfZ,Patient Dev,,,Shane Cavanaugh,14850,patientdev,12345
,Ithaca,,,Individual,,,shane@patientdev.com,NY,ctZdI6x7QOzbGs6EqblMdP5FbCVavbfZ,Patient Dev,,,Shane Cavanaugh,14850,patientdev,12345
,Ithaca,,,Individual,,,shane@patientdev.com,NY,ctZdI6x7QOzbGs6EqblMdP5FbCVavbfZ,Patient Dev,,,Shane Cavanaugh,14850,patientdev,12345
